species,sex,mean_mass_g,sd_body_mass_g,n_penguins
Adelie,female,3368.8356164383563,269.3801018438563,73
Adelie,male,4043.4931506849316,346.8115531879778,73
Chinstrap,female,3527.205882352941,285.333911718307,34
Chinstrap,male,3938.970588235294,362.1375500681205,34
Gentoo,female,4679.741379310345,281.57829364263097,58
Gentoo,male,5484.836065573771,313.1585956203804,61
